{
  "roc_auc": 0.7723919787404466,
  "pr_auc": 0.5439617954831364,
  "brier": 0.13624355325003792,
  "ks": 0.4197283017723874
}